Lastname,Firstname,Occupation,path
Ojeda,Judith,Catador de bebidas,043527_1M47.JPG
Schmiedt,Janna,Elektroniker,061984_0M40.JPG
Frank,Jade,Clinical molecular geneticist,049193_1M52.JPG
Horton,Emily,Retail manager,051871_12F48.JPG
Antoine,Alexandre,webmestre,056217_2M44.JPG
Hardin,Shari,Fine artist,0553_01M43.JPG
Vang,Frederick,Information systems manager,06058_02M37.JPG
Hernandez,Corinne,responsable e-CRM,00189_01M18.JPG
Madrigal,Remigio,Organizador de conferencias y eventos,04440_02M40.JPG
Herring,Tracy,"Accountant, chartered management",01346_02M19.JPG
Barbe,Claudine,gestionnaire actif/passif,01239_02M26.JPG
Colas,François,horticulteur,049681_0M45.JPG
Madden,Sheila,"Teacher, early years/pre",047274_04M49.JPG
Daniel,Frédéric,dessinateur-projeteur,058902_1M44.JPG
Rudolph,Hildegund,Ausbaufacharbeiter,060846_0M38.JPG
Chapman,Michael,Agricultural engineer,046004_03M60.JPG
Albers,Anett,Winzer,050470_5M44.JPG
Chung,Janet,Veterinary surgeon,061461_1M49.JPG
Pons,Antoinette,médecin généraliste,053389_2M46.JPG
Segebahn,Bernadette,Koreanistiker,02128_00M17.JPG
Leclercq,Denise,ostéopathe,049278_03M53.JPG
Etzold,Magrit,Mechaniker,061923_1M40.JPG
Prado,Fidela,Trabajador forestal calificado,052229_0M43.JPG
Stiebitz,Hubertine,Koreanistiker,058257_00M45.JPG
Boulanger,Arnaude,statisticien industriel industrielle,044653_13M47.JPG
Trubin,Stefanie,Koreanistiker,055659_2M43.JPG
Mullen,Richard,Primary school teacher,060698_02M43.JPG
Vogt,Diedrich,Polizist,052607_15M44.JPG
Koch II,Brigitta,Programmierer,044186_4M48.JPG
Vicente,Pilar,Profesional de nivel medio de medicina tradicional y alternativa,041751_4M50.JPG
Gierschner,Hans-Theo,Fleischer,0109_00M16.JPG
Julien,Agathe,attaché de presse,053653_27M47.JPG
Henschel,Helma,Designer,059496_0M41.JPG
Schmitt,Stephen,"Engineer, chemical",05090_03M19.JPG
Kline,Alfred,"Psychologist, forensic",046359_0M45.JPG
Jimenez,Maria,"Therapist, horticultural",0068_03M17.JPG
Albers,Natali,Mechaniker,052704_1F50.JPG
Rolland,Olivier,professeur d'éducation physique et sportive (EPS),053821_0M44.JPG
Nicholson,Jasmin,Training and development officer,056942_3M44.JPG
Montoya,Melissa,Cytogeneticist,047621_0M37.JPG
Mathews,Cody,Petroleum engineer,033265_2M58.JPG
Balaguer,Vidal,Ingeniero electrónico,059751_0M58.JPG
Wulff,Emanuel,Schornsteinfeger,009055_0M54.JPG
Ferrández,Maricela,Técnico de telecomunicaciones,061800_1M41.JPG
Walter,Jared,Chiropodist,062182_0M39.JPG
Guillaume,Véronique,mécanicien d'entretien d'avion,02723_00M20.JPG
Gimeno,Pili,Profesional de la salud y la higiene laboral y ambiental,051956_1M44.JPG
Pardo,Alex,Controlador de instalaciones de procesamiento de productos químicos,034577_05M57.JPG
Carpio,Celso,Asistente fisioterapeuta,057025_01M46.JPG
Wallace,Gilbert,"Programmer, systems",033822_0M59.JPG
Coulon,Tristan,modéliste,054226_0M48.JPG
Richard,Wesley,Museum/gallery conservator,044799_0M48.JPG
Bustos,Abel,Controlador de plagas y malas hierbas,058464_5M46.JPG
Prieto,René,Profesional de ventas de tecnología de la información y las comunicaciones,05342_15M45.JPG
Church,Kimberly,Energy engineer,060718_3M41.JPG
Roche,Nath,maçon,061069_1M41.JPG
Weinhold,Sylvio,Pilot,060975_6M40.JPG
Wulff,Bernfried,Designer,056328_00M45.JPG
Tudela,Crescencia,Tasador,057521_1F40.JPG
Baum,Harry,Beamter,051956_4M47.JPG
Söding,Urte,Bankkaufmann,053821_6M46.JPG
Adam,Nathalie,orthodontiste,047274_00M48.JPG
Kobelt,Senta,Koreanistiker,060237_0M47.JPG
Domingo,Sancho,Asistente de venta,053423_0M49.JPG
Girona,Crescencia,Botánico,027761_2M58.JPG
Preiß,Jovan,Medizininformatiker,049428_10M46.JPG
Webb,Melody,"Engineer, structural",061795_01F42.JPG
Vilalta,Odalys,Controlador de instalaciones de procesamiento de productos químicos,04893_18M37.JPG
Lefebvre,Thierry,militaire technicien de l'air (MTA),060771_05M45.JPG
Vasseur,Étienne,responsable de laboratoire de contrôle en biologie,047427_1M47.JPG
Ditschlerin,Edeltraud,Florist,05047_0M32.JPG
Meister,Jaroslaw,Mechaniker,01591_02M20.JPG
Woodward,Isabel,Sport and exercise psychologist,058779_3M41.JPG
Hörle,Harald,Designer,061675_3M40.JPG
Meléndez,Sonia,Especialista en formación del personal,049428_2M45.JPG
Reuter,Herwig,Arzt,035838_8M53.JPG
Bruder,Gaby,Bankkaufmann,051554_0M44.JPG
Gierschner,Boris,Bankkaufmann,036715_1M57.JPG
Gomila,Lázaro,Catador de alimentos y bebidas,05642_01M18.JPG
Hampton,Samuel,Community arts worker,051180_8M50.JPG
Garcia,Alex,gestionnaire de patrimoine,027930_0M58.JPG
Arnaiz,Primitiva,Profesional de la salud y la higiene laboral y ambiental,03312_02F46.JPG
Manso,María Dolores,Prestamista,055392_1F47.JPG
Prada,Dalila,Regulador y operador de máquinas de labrar madera,049258_0M52.JPG
House,Danielle,Psychiatric nurse,051866_1M49.JPG
Steuer,Christos,Informatiker,061002_6F44.JPG
Hertrampf,Ingbert,Artist,0196_0F35.JPG
Barrera,Philip,Systems developer,056533_00M44.JPG
Rogner,Juergen,Fleischer,00457_1F37.JPG
Fiebig,Heidrun,Elektroniker,05642_00M17.JPG
Heuser,Eitel,Bäcker,053626_04M45.JPG
Bennett,Kathy,Management consultant,054226_4M48.JPG
Rivas,Jerry,Prison officer,041059_0M50.JPG
Dupuis,Xavier,conducteur d'engins de travaux publics,038059_0M50.JPG
Hull,Chelsea,Exhibition designer,03552_01M26.JPG
Sager,Vinzenz,Designer,02462_00F35.JPG
Daniel,John,Physiotherapist,057770_1M42.JPG
Butte,Tadeusz,Beamter,039071_3M50.JPG
Fiol,Teresa,Chapista,056353_0M42.JPG
Bigot,Marguerite,ergothérapeute,048000_2M46.JPG
Walter,Loretta,Learning mentor,051481_0M48.JPG
Wilkerson,Crystal,Sports coach,06139_04M18.JPG
Arce,Wálter,Herrero,058386_02M50.JPG
Arias,Hugo,Vendedor por teléfono,038481_1F52.JPG
Hamann,Alfons,Florist,053022_2M42.JPG
Rozas,León,Analista financiero,049278_00M51.JPG
Naser,Bodo,Bankkaufmann,060814_3M41.JPG
Llorente,Adela,Periodista,05007_01M26.JPG
Kramer,Ralph,Altenpfleger,053313_0M42.JPG
Mahe,Lucie,illustrateur,051433_2M45.JPG
Sheppard,Joel,Interpreter,056130_03M48.JPG
Peltier,Jérôme,orfèvre,048703_7M47.JPG
Boulay,Joséphine,responsable de réseau eau potable,051954_0M45.JPG
Ray,Rickey,Stage manager,053626_1M42.JPG
Hodges,Catherine,Patent examiner,040198_6F49.JPG
Flores,Max,"Buyer, industrial",03743_5M38.JPG
Berry,Francis,Haematologist,051629_2M50.JPG
Barth,Mirko,Fachinformatiker,056485_5F48.JPG
Bayón,Olimpia,Carnicero,054980_0F45.JPG
Palomares,Modesto,Administrador de sistemas,053564_0M42.JPG
Artigas,Anabel,Dinamitero,030267_0M55.JPG
Dumont,Raymond,étanchéiste,035557_05M55.JPG
Schweitzer,Martine,Informatiker,052063_5M45.JPG
Camus,Isabelle,mécanicien et technicien,059159_3F44.JPG
Coulon,Alexandre,charpentier métallique,060473_1M41.JPG
Alfaro,Jacobo,Operador de instalaciones de refinación de petróleo y gas natural,059304_2F51.JPG
Almansa,Adelardo,Ayudante de cámara,051541_2M44.JPG
Köhler,Elfi,Schornsteinfeger,052819_2F43.JPG
Rose,Willfried,Altenpfleger,050917_2M52.JPG
Wesack,Ada,Fachinformatiker,040611_1M48.JPG
Ford,Dorothy,"Designer, television/film set",034280_02M57.JPG
Davies,Jay,Food technologist,04601_01M21.JPG
Chevalier,Marcelle,ingénieur procédés en chimie,057315_0M42.JPG
Baquero,Fátima,Director de políticas y planificación,03477_02M23.JPG
Ortega,Ruth,Director de servicios de cuidado de las personas de edad,040103_1M54.JPG
Davidson,Arthur,Manufacturing engineer,060846_1M39.JPG
Mendizábal,José Ángel,Pulidor de vidrio,050973_1M46.JPG
Hendricks,Tamara,"Scientist, research (maths)",056501_6M46.JPG
España,Sonia,Recolector de dinero en aparatos de venta automática y lector de medidores,050979_3M43.JPG
Beckmann,Lioba,Pilot,045214_03M58.JPG
Caron,Margaux,chargé d'études économiques,051922_5M46.JPG
Schönland,Gregor,Mechaniker,048470_2M54.JPG
Baxter,Calvin,Manufacturing engineer,044412_1M50.JPG
Coll,Nereida,Carnicero,044653_11M47.JPG
Herring,Faith,"Production designer, theatre/television/film",055084_00M45.JPG
Watkins,Candace,"Nurse, adult",059774_1M41.JPG
Randolph,Tami,"Engineer, structural",02633_03M45.JPG
Drub,Suzanne,Friseur,06063_04F56.JPG
Trupp,Anna-Maria,Winzer,047697_0F47.JPG
Small,Guy,"Administrator, Civil Service",049163_2M46.JPG
Le Roux,Martin,consultant,041249_1M49.JPG
Reinhardt,Petar,Chirurgiemechaniker,04043_1M47.JPG
Sierra,Geraldo,Árbitro deportivo,053423_2M49.JPG
Hentschel,Brian,Mathematiker,061150_3M47.JPG
Labbé,Noël,sous-officier de l'armée de terre,049587_0M45.JPG
Blanchard,Valérie,consultant en systèmes d'information,035838_2M52.JPG
Benthin,Vanessa,Mathematiker,060818_6M43.JPG
Rius,Ángela,Albañil,04746_01M43.JPG
Trüb,Juergen,Polizist,052335_3M45.JPG
Nohlmans,Silvia,Erzieher,043318_01M56.JPG
Parra,Emelina,Técnico en redes y sistemas de computadores,061689_6M41.JPG
Hesse,Georg,Asphaltbauer,052607_11M44.JPG
Legendre,Thomas,technicien packaging,050244_1M45.JPG
Bertin,Olivier,façadier,060978_0M42.JPG
Rey,Olivie,infirmier,040106_2M53.JPG
Mercier,Léon,climatologue,02955_00M20.JPG
Steinberg,Martha,Bankkaufmann,039980_1M50.JPG
Rörricht,Kathi,Friseur,059858_03M44.JPG
Pitts,Holly,TEFL teacher,041751_3M50.JPG
Ledoux,Thierry,conducteur d'engins de travaux publics,050979_21M45.JPG
Checa,Maricruz,Técnico en operaciones de tecnología de la información y las comunicaciones,052417_1F45.JPG
Farrell,Tracey,IT consultant,053658_4M51.JPG
Koch,Else,Fachinformatiker,047116_00M44.JPG
Ritter,Wilhelmine,Pfleger,0338_04M27.JPG
Maréchal,Gabrielle,contrôleur technique automobile,059273_0F43.JPG
Petersen,Jaclyn,Trade union research officer,060698_0M41.JPG
Juan,Marciano,Alfarero,042978_00M50.JPG
Bodin,Lorraine,chef de mission humanitaire,055275_1M43.JPG
Roskoth,Florentine,Elektroniker,057292_02M45.JPG
Rolland,Constance,chargé de clientèle banque,060978_02M45.JPG
Kroker,Abram,Fachinformatiker,02265_05M21.JPG
Guibert,Élise,administrateur de logiciels de laboratoire,058867_02M44.JPG
Legrand,Luc,conseiller en insertion sociale et professionnelle,051500_04M48.JPG
Hierro,Jovita,Criador de ganado,00257_01M22.JPG
Spears,Candace,Comptroller,050561_5M45.JPG
Romero,Carmelo,Agente de servicios de seguridad social,059791_0M50.JPG
Cline,Alexandra,"Engineer, mining",055063_1M46.JPG
Guillou,Alice,ingénieur en génie climatique,047274_05M50.JPG
Fabre,René,visiteur médical médicale,041143_05M51.JPG
Ledesma,Cecilia,Vendedor por teléfono,00242_06M19.JPG
Viñas,Mariana,Ingeniero en telecomunicaciones,047724_0M44.JPG
van der Dussen,Hilma,Bäcker,05884_03M20.JPG
Phillips,Reginald,Purchasing manager,046271_2M46.JPG
Häring,Lara,Altenpfleger,059307_5M42.JPG
Lawrence,Ray,Equality and diversity officer,035400_0M53.JPG
Mcintyre,Riley,"Lecturer, higher education",056921_2M43.JPG
Hamann,Ismet,Pfleger,054454_7M44.JPG
Söding,Fredy,Pilot,04379_0M38.JPG
Tyler,Leah,Fashion designer,040081_6F53.JPG
Lebreton,Gabriel,professeur de mathématiques ou de physique-chimie,057005_00M45.JPG
Stiffel,Arthur,Beamter,049754_2M48.JPG
Bazin,Patrick,directeur de magasin à grande surface,053077_2M48.JPG
Stroh,Thorben,Techniker,053653_12M47.JPG
Hayes,Kylie,"Runner, broadcasting/film/video",053194_2F51.JPG
Roman,Gail,"Scientist, audiological",036411_0M50.JPG
Collins,Rebecca,"Engineer, chemical",058934_6F43.JPG
Arellano,Plácido,Focumentalista,00813_01M44.JPG
Marchal,Arthur,agent d'escale,030101_1M58.JPG
Gorlitz,Caterina,Programmierer,056485_4F47.JPG
Abascal,Anselma,Conductor de tranvía,046405_2M53.JPG
Kemp,Lucas,"Designer, fashion/clothing",047605_1M49.JPG
Deschamps,Thibault,formateur d'adultes,044540_2M48.JPG
Campo,Juan,Técnico en redes y sistemas de computadores,034295_1M54.JPG
Scholl,Traute,Florist,059224_0M49.JPG
Dupont,Simone,météorologiste,061764_5F41.JPG
Guichard,Simone,ébéniste,037882_0M53.JPG
Jopich,Eckehard,Arzt,052179_03M47.JPG
Cochran,Heidi,Politician's assistant,061306_2M41.JPG
Rocamora,Irene,Conductor de camiones pesados,051624_0F46.JPG
Hubert,Gabriel,agenceur de cuisines et salles de bains,059409_0M39.JPG
Bonnin,Arnaude,ingénieur en imagerie médicale,00559_02M37.JPG
Conesa,Federico,Grabador de piedra,053223_0M49.JPG
Gautier,Adèle,zoologiste,047353_1M49.JPG
Moreau,Georges,directeur des services pénitentiaires,060718_0M39.JPG
Bähr,Evamaria,Medizininformatiker,061018_00M47.JPG
May,Damon,Hospital pharmacist,055734_6F45.JPG
Tamayo,Samuel,Ingeniero metalúrgico,047440_0M48.JPG
Hall,Scott,"Production designer, theatre/television/film",041695_1M59.JPG
Maillet,Thibaut,vendeur en micro-informatique et multimédia,040106_1M51.JPG
Huff,Carl,Clinical psychologist,037372_0M51.JPG
Novak,Miranda,Translator,038126_0M52.JPG
Zabala,Dora,Albañil,057596_00M50.JPG
Rincón,Antonia,Fontanero,053889_02M49.JPG
Regnier,Virginie,femme de chambre,051500_01M48.JPG
Mendez,Eugene,Health service manager,060296_1M49.JPG
Aliaga,Juan Antonio,Operador de instalaciones de tratamiento de agua,05751_00M17.JPG
Alemany,Remigio,Conductor de tranvía,041086_1M52.JPG
Pi,Fausto,Declarante de aduana,053959_1F43.JPG
Mora,Brad,Landscape architect,051845_00M51.JPG
Ferreras,Cosme,Conductor de camiones pesados,049459_0M45.JPG
Hering,Mathias,Asphaltbauer,036898_1M48.JPG
Berger,Annamaria,Pfleger,057201_4M50.JPG
Humphrey,Alec,"Chemist, analytical",06099_00M21.JPG
Kabus,Janet,Arzt,055776_2M44.JPG
Dillon,Franklin,Print production planner,061752_05M45.JPG
Acosta,Ruben,Productor y trabajador calificado de explotaciones agropecuarias mixtas,00744_16M36.JPG
Marsh,Kristie,Forensic scientist,059758_0M40.JPG
Conner,Jeremy,Barrister,041673_9M52.JPG
Bouvier,Martine,auditeur interne,061376_2M41.JPG
Gates,Janice,"Psychologist, sport and exercise",050188_00F46.JPG
Allard,Gabriel,maquettiste,01145_07M43.JPG
Dupont,Christiane,coiffeur,040517_2M55.JPG
Paris,Dorothée,océanologue,04850_01M39.JPG
Royer,Bernard,technicien d'exploitation du réseau gaz,047621_7M47.JPG
Barrett,Summer,"Accountant, chartered public finance",049337_0M50.JPG
Riley,Eugene,Data processing manager,02853_02F39.JPG
Köster,Andrey,Mechaniker,04488_03M40.JPG
Uriarte,Odalys,Guardagujas,05234_02F18.JPG
Barth,Diedrich,Designer,052335_7M47.JPG
Metz,Maximilian,Chirurgiemechaniker,047998_3M47.JPG
Kidd,Alexandria,"Investment banker, corporate",0341_1M33.JPG
Wernecke,Arnulf,Artist,059222_2M40.JPG
Mir,Borja,Veterinario,02531_16F35.JPG
Hein,Jessica,Mathematiker,030101_2M58.JPG
Bourdon,Olivie,conservateur territorial de bibliothèques,051962_0M46.JPG
Roig,Bartolomé,Alfarero,059230_2M47.JPG
Kohl,Matthäus,Medizininformatiker,01477_02M26.JPG
Lagarde,Alfred,ingénieur nucléaire,052621_2M47.JPG
Rosario,Spencer,Solicitor,02183_07M27.JPG
Borrás,Evelia,Químico,051160_00M47.JPG
Estevez,Cintia,Empleado de servicios de transporte,01020_02M56.JPG
Huber,Kristie,Bonds trader,053389_0M44.JPG
Knappe,Isa,Designer,04222_03F22.JPG
Marín,Jordán,Desarrollador Web y multimedia,061891_1M43.JPG
Larrea,Leonor,Secretario administrativo,053653_8M46.JPG
Riddle,Brett,Adult nurse,059342_7M41.JPG
Brewer,Albert,Dentist,056934_00M58.JPG
Butte,Czeslaw,Ausbaufacharbeiter,043636_3F48.JPG
Brunet,Pierre,ingénieur en mécanique,059325_0M48.JPG
Marin,Michèle,officier de l'armée de terre,060791_0M40.JPG
Urrutia,Calisto,Trabajador social de nivel medio,030101_0M56.JPG
Mason,Ruth,Occupational psychologist,02128_07M19.JPG
Simon,Aimée,roboticien,034108_2M62.JPG
Henck,Viviane,Ausbaufacharbeiter,046529_1F53.JPG
Klemt,Helmar,Chemikant,047712_0M45.JPG
Ortega,Chelsey,Surgeon,027761_0M57.JPG
Zamora,Dakota,"Nurse, children's",048465_1M52.JPG
Perrot,Yves,consignataire de navire,058958_1M42.JPG
Prat,Mariano,Instalador y reparador de líneas eléctricas,060597_1M42.JPG
Shields,Larry,Commercial art gallery manager,060296_2M49.JPG
Diaz,Donna,Arts administrator,050405_1M46.JPG
Brunel,Gérard,designer industriel industrielle,060471_1M40.JPG
Carrión,Amado,Educador para necesidades especiales,054911_3M42.JPG
Mathis,Kathryn,"Conservation officer, nature",027288_2M60.JPG
Baron,Laurence,assistant maternel maternelle,054911_2M42.JPG
Vendrell,Matilde,Trabajador de explotaciones de acuicultura,051196_03M46.JPG
Lachmann,Lukas,Koreanistiker,047244_3M49.JPG
Cummings,Charles,"Restaurant manager, fast food",046928_5M49.JPG
Izaguirre,Jose Antonio,Profesor de universidades y de la enseñanza superior,051871_6F48.JPG
Petitjean,Maurice,"psychologue de l'Éducation nationale spécialité éducation, développement et apprentissages",056581_2M47.JPG
Vollbrecht,Dragan,Mathematiker,044713_0F48.JPG
Blanes,Cebrián,Operador de máquinas de movimiento de tierras,051855_01M54.JPG
Odonnell,Bobby,"Engineer, aeronautical",048703_4M46.JPG
Voisin,Cécile,conducteur routier routière,03957_01F37.JPG
Stanley,Loretta,"Education officer, environmental",01081_04M27.JPG
Allard,Louis,enseignant humanitaire,055987_2F45.JPG
Dias,Françoise,convoyeur de fonds,061666_2M48.JPG
Briand,Alice,responsable de formation,031594_0M55.JPG
Watts,Willie,Location manager,045321_3M49.JPG
David,Lori,Furniture conservator/restorer,04909_00M28.JPG
Bähr,Marianna,Drogist,044424_2M59.JPG
Samson,Claude,géologue minier,05342_21M46.JPG
Calatayud,Candela,Médico general,052587_03M51.JPG
Fechner,Adina,Ausbaufacharbeiter,030583_03M62.JPG
Roman,Gwendolyn,"Psychologist, clinical",044799_1M48.JPG
Prieto,María Ángeles,Optometrista,051344_3M47.JPG
Nicolau,Damián,Operador de grúas y aparatos elevadores,061675_0M39.JPG
Almagro,Cecilio,Grabador de datos,058953_1M40.JPG
Doménech,Guillermo,Adivinador,061150_4M48.JPG
Bates,Alison,Toxicologist,062104_3M39.JPG
Amo,Jose Francisco,Instructor de autoescuela,051019_3M44.JPG
Silva,Luis,Profesor de idiomas,047803_1M46.JPG
Luna,Silvia,Lavador de vehículos,036342_02M54.JPG
Torres,Angela,Chiropractor,024344_1M62.JPG
Guichard,Marie,géologue,046271_8M47.JPG
Morillo,Ámbar,Técnico en ciencias biológicas,049422_2M45.JPG
House,Sonya,Environmental education officer,054537_5M51.JPG
Schuchhardt,Donald,Augenoptiker,056111_23M43.JPG
Codina,Bernardo,Botánico,046297_9M57.JPG
Leonard,Grant,Speech and language therapist,04258_01M27.JPG
Hebert,Nicole,volcanologue,057964_4F43.JPG
Seidel,Dina,Programmierer,057354_02M45.JPG
Paredes,Josefa,Empleado de servicios de apoyo a la producción,05458_13F37.JPG
Harper,Alexis,Psychiatric nurse,059104_0M40.JPG
Nichols,Mercedes,Sales promotion account executive,050399_02M55.JPG
Koch II,Roger,Beamter,058827_3M42.JPG
Powers,Heather,Retail banker,050561_3M44.JPG
Becker,Susan,yield manager,053643_1M49.JPG
Conradi,Ilja,Drogist,060929_6M42.JPG
Blankenship,Michelle,Trading standards officer,057828_1M42.JPG
Zaragoza,Duilio,Sericultor,061923_2M40.JPG
Lladó,Maximino,Cuidador de animales,046830_1M46.JPG
Stoll,Gerta,Forstwirt,05601_01M18.JPG
Hertrampf,Martin,Pfleger,056111_15M42.JPG
Carrillo,Dakota,Sub,02843_04M35.JPG
Arnold,Angel,Dispensing optician,057592_0M40.JPG
Cole,Robyn,Pathologist,045100_1M58.JPG
Garnier,Corinne,animateur d'activités physiques et sportives pour tous,049747_1M49.JPG
Bernat,Emelina,Operador de instalaciones de producción de energía,060573_1M47.JPG
Murphy,Kristen,Horticultural consultant,040517_3M55.JPG
Cline,Trevor,"Teacher, music",060696_2M44.JPG
Walter,Patricia,Ranger/warden,061222_13M42.JPG
Terry,Stephen,Civil Service administrator,03220_00M52.JPG
Pärtzelt,Hans-Dieter,Friseur,02434_00M18.JPG
Esteve,Miguel,Físico,050192_5M45.JPG
Badía,María,Practicante paramédico,059858_2M41.JPG
Eberhardt,Angela,Techniker,056677_0M40.JPG
Cichorius,Sylvio,Chirurgiemechaniker,061655_0M39.JPG
Pujadas,Morena,Barrendero,051335_0M44.JPG
Schäfer,Goran,Medizininformatiker,01157_7F40.JPG
Giraud,Margaud,pilote de ligne automatisée (chimie - agroalimentaire - industrie pharmaceutique),060975_7M40.JPG
Casares,Glauco,Trabajador forestal calificado,027529_01M62.JPG
Barkholz,Karolina,Arzt,047889_02M49.JPG
Faure,Thérèse,tonnelier,00425_03M20.JPG
Mcgrath,Sheena,"Accountant, chartered public finance",051956_3M46.JPG
Villalobos,Elisabet,Vendedor puerta a puerta,061423_01M48.JPG
Franco,Cindy,Actuary,058934_4F43.JPG
Barón,Elisa,Director de industrias manufactureras,0332_01M26.JPG
Brunet,Gilles,maquettiste,048967_11M46.JPG
Kusch,Edward,Krankenschwester,058484_1M50.JPG
Lemonnier,Gabrielle,cuisinier,060814_5M41.JPG
Arias,Mariano,Conductor de autobús,047244_1M49.JPG
Jacquet,Jeanne,accompagnant éducatif et social éducative et sociale,060885_0M40.JPG
Bartolomé,Amaro,Gerente general,061841_2M39.JPG
Hoareau,Françoise,cartographe,052011_1M48.JPG
Lévy,Sophie,prototypiste en matériaux souples,051554_3M45.JPG
Valenciano,Paulino,Lingüista,044435_3M49.JPG
Blasco,Duilio,Instalador y reparador en tecnología de la información y las comunicaciones,047621_10M47.JPG
Martinez,Jules,technicien logistique,047494_2M45.JPG
Hettner,Sophia,Friseur,061752_3M42.JPG
Wohlgemut,Michaele,Informatiker,056614_1M53.JPG
Jaume,José,Electrotécnico,058405_00M46.JPG
Martorell,Donato,Técnico en redes y sistemas de computadores,051445_1M45.JPG
Kranz,Stefan,Chirurgiemechaniker,033350_1M61.JPG
Guyon,Benoît,officier de l'armée de terre,052547_0M44.JPG
Kostolzin,Ester,Schornsteinfeger,053232_2F46.JPG
Baum,Helfried,Florist,052469_05M47.JPG
Boyd,Jane,Politician's assistant,037910_1M51.JPG
Bertin,Catherine,administrateur de logiciels de laboratoire,050470_7M45.JPG
Portero,Victoria,"Panaderos, pasteleros y confiteros",054784_1M42.JPG
Duarte,Rebekah,Food technologist,059534_1F41.JPG
Noack,John,Fleischer,059420_1F51.JPG
Bohlander,Mandy,Schornsteinfeger,00761_05M26.JPG
Sandoval,Jennifer,Personal assistant,051535_5M48.JPG
Yang,Valerie,English as a second language teacher,040685_5M50.JPG
Gálvez,Jose Manuel,Controlador de plagas y malas hierbas,061923_4M41.JPG
Blot,Alphonse,conseiller en fusions-acquisitions,045556_01M55.JPG
Bolzmann,Horst-Dieter,Mathematiker,043232_1M52.JPG
Hamon,Tristan,médiateur scientifique,060818_4M42.JPG
Grégoire,Charlotte,statisticien en analyse sensorielle,046138_2M52.JPG
Watson,Clayton,"Designer, fashion/clothing",051430_02M49.JPG
Fouquet,Henri,guide de haute montagne,051855_02M55.JPG
Case,Maxwell,"Sound technician, broadcasting/film/video",060943_00M43.JPG
Sureda,Yago,Cortador de vidrio,054134_1M50.JPG
Cadenas,Concepción,Ingeniero de minas,053022_1M41.JPG
Bello,Custodio,Empleado de servicios de transporte,054287_0M53.JPG
Lenoir,Diane,bronzier,046432_00M50.JPG
Torralba,Elodia,Patronista y cortador de tela,057025_00M45.JPG
Humbert,Pierre,technicien automobile,037314_0M51.JPG
Bègue,Théodore,ingénieur chimiste,056199_0M42.JPG
Torres,Flora,Mecánico y ajustador electricista,030067_01M59.JPG
Bazin,Anastasie,technicien thermicien thermicienne,051369_0M49.JPG
Jacob,Jozef,Designer,035557_04M54.JPG
Junk,Justus,Programmierer,043776_6M51.JPG
Pombo,Renata,Ingeniero de minas,056501_7M46.JPG
Gautier,Agnès,ingénieur combustion et brûleurs,057125_3M46.JPG
Couturier,Dorothée,designer sonore,02531_8F39.JPG
Beltran,Dana,Environmental health practitioner,059348_0M43.JPG
Haase,Diethelm,Krankenschwester,05338_02M38.JPG
Arranz,Abraham,Parquetero y colocador de suelos,051871_2F47.JPG
Acevedo,Amy,"Presenter, broadcasting",04513_00M19.JPG
Escalona,Roberto,"Operador de máquinas de preparación de fibras, hilado y devanado",040685_1M47.JPG
Wagenknecht,Galina,Mathematiker,055700_01M47.JPG
Salz,Petra,Fleischer,056460_0M40.JPG
Stevenson,Bonnie,Museum education officer,055744_0M45.JPG
Frutos,Agustina,Secretario administrativo,044653_12M47.JPG
Gascón,Lucho,Camarero de mesa,04948_01M22.JPG
Solano,Jose Luis,Oficinista general,050446_3M46.JPG
Warmer,Theodor,Elektroniker,06099_03M22.JPG
Ledoux,Édouard,consultant SaaS,054784_3M43.JPG
Figuerola,Clara,Mecánico-montador de instalaciones de refrigeración y climatización,061891_2M44.JPG
Blackwell,Lindsey,Forest/woodland manager,057592_5M42.JPG
Sanchez,Yves,pharmacien,060975_9M40.JPG
Trapp,Wigbert,Ausbaufacharbeiter,053389_1M45.JPG
Tlustek,Eugenia,Designer,058484_6M50.JPG
Dias,Corinne,diagnostiqueur immobilier,051169_0M46.JPG
Real,Cándido,Alfarero,05992_04M39.JPG
Leroy,Manon,ostéopathe,059100_3M46.JPG
Tlustek,Marie-Louise,Arzt,055711_3M51.JPG
Säuberlich,Paul-Gerhard,Informatiker,053653_17M47.JPG
Matthäi,Lia,Binnenschiffer,054840_0M44.JPG
Dumas,Virginie,vétérinaire,0210_02M19.JPG
Breton,Agnès,accompagnant éducatif et social éducative et sociale,050361_0M44.JPG
Saldaña,Ale,Criador de ganado,048125_12F48.JPG
Flor,Rosalina,Asesor de inversiones,061570_04M45.JPG
Barber,Colton,Hotel manager,030104_0M63.JPG
Frye,Jeremy,IT technical support officer,054480_7M44.JPG
Foster,Erika,Dispensing optician,050919_17M44.JPG
Ferrell,Holly,Make,056516_1M46.JPG
Jacques,Marc,halieute,044373_2M58.JPG
Huynh,Marco,Field trials officer,042379_0F49.JPG
Alemany,Nacho,Lavador de ventanas,058258_1M43.JPG
Fields,Christian,Charity officer,057388_0M41.JPG
Barbier,Adèle,costumier,030267_4M57.JPG
Muñoz,Natividad,Agente de bolsa,053731_02M46.JPG
Tintzmann,Urban,Drogist,027324_0M64.JPG
Nerger,Ekkehard,Polizist,046272_3M47.JPG
Sanford,Hailey,"Merchandiser, retail",056949_1M41.JPG
Rogner,Anna-Maria,Pfleger,059307_7M43.JPG
Zirme,Hans Jürgen,Winzer,03385_00M20.JPG
Hendriks,Vittorio,Fleischer,02329_00M27.JPG
Harris,Jacqueline,Equality and diversity officer,02496_01M35.JPG
Beasley,Krista,"Teacher, primary school",058381_0M51.JPG
Golden,Gabriela,Advertising account planner,046359_3M46.JPG
Maillard,Adélaïde,technicien plasturgiste,061376_03M42.JPG
Jourdan,Guillaume,technicien paysagiste,050309_1M53.JPG
Odom,Dalton,Gaffer,03680_3M46.JPG
Fernandez,Martirio,Repartidor,050598_1M46.JPG
Steckel,Jennifer,Polizist,054506_0M42.JPG
Parker,Sheena,"Producer, radio",046253_00M49.JPG
Junken,Margaretha,Erzieher,0142_3M39.JPG
Reyes,Miranda,Product manager,03781_01M30.JPG
Berthelot,Olivier,pâtissier,058827_0M40.JPG
Duarte,Severo,Trabajador de cuidados personales a domicilio,01715_1M35.JPG
Barranco,Samanta,Dentista,055645_01M43.JPG
Conley,Billy,"Presenter, broadcasting",058130_2M42.JPG
Beier,Konstanze,Arzt,051180_1M49.JPG
Suarez,Christie,Operations geologist,051962_1M46.JPG
Mendizábal,Eusebia,Vendedor ambulantes de productos comestibles,035463_2M60.JPG
Stumpf,Gunter,Drogist,036715_0M57.JPG
Weinhold,Josef,Koreanistiker,01995_02M18.JPG
Boyle,Dennis,"Producer, television/film/video",026625_01M66.JPG
Kruschwitz,Marianne,Techniker,054406_4M46.JPG
Scheibe,Kordula,Koreanistiker,035561_2M52.JPG
Caspar,Fredo,Augenoptiker,061826_1M40.JPG
Diaz,Caitlin,Clinical biochemist,048133_1M52.JPG
Merle,Julien,technicien thermicien thermicienne,037330_0M45.JPG
Mcmillan,Katherine,Fine artist,046918_1M49.JPG
Rius,Concha,Grabador de piedra,054253_0M43.JPG
Pellicer,Selena,Carnicero,03468_00F20.JPG
Bonnin,Denise,esthéticien-cosméticien,059363_2M42.JPG
Maldonado,Sergio,Speech and language therapist,055415_0M42.JPG
Washington,Grant,Osteopath,039820_3M50.JPG
Arellano,Soledad,Mampostero,056036_1M55.JPG
Bishop,Hannah,Special educational needs teacher,054454_5M44.JPG
Martel,Luce,conducteur routier routière,054480_6M44.JPG
Sans,Socorro,Conductor de tranvía,03977_03M27.JPG
Garrido,Abril,Profesor de enseñanza secundaria,01894_00M17.JPG
Rossi,Marc,technicien automobile,052607_17M45.JPG
Lelièvre,Margot,chef d'exploitation d'usine d'incinération,030380_0M64.JPG
